filename_a,filename_b,jaccard,cosine,same_position,human_label
19920507_00007137Technician.doc,19920507_00007506Technician.doc,0.8556,,False,
20060701_00001354ITP_III.doc,20190826_00108080_ITP_III.doc,0.8841,,False,
20060701_00098283ITP_V.doc,"20080109_00103408_ITP_V,_Director_IT_Infrastructure.doc",0.8673,,False,
20081015_00064878_ITP_II.doc,20190828_00000888ITP_II.doc,0.8827,,False,
20110304_00109293_ITP_I.doc,20190826_00109900_ITP_I.doc,0.8543,,False,
20110810_00105647_Academic_Advisor.docx,20120906_00112278_Academic_Advisor.doc,0.8656,,False,
20120504_00097156_ITP_II.doc,20120316_00104919_ITP_II.doc,0.8874,,False,
20121023_00112550_ITP_III.doc,20060701_00001220ITP_III.doc,0.8839,,False,
20130628_00031142_Technician.docx,20180801_00120375_Technician.docx,0.8671,,False,
20160504_00119164_Clerk_Typist.docx,20150423_00099951_Clerk_Typist.docx,0.8547,,False,
20180228_00121073_Recruitment_Acdmc_and_Stdnt_Affrs_Advsr.docx,20160525_00001835_RcrtmntAcdmcStudAffrs_Advisor.docx,0.8570,,False,
20190724_00098450_Indigenous_Student_Recruitment_Coord.docx,20190606_00102160_Student_Recruitment_Coordinator.docx,0.8762,,False,
20190826_00106769_ITP_III.doc,20060701_00097295ITP_III.doc,0.8773,,False,
20190828_00001246ITP_I.doc,20120221_00111234_ITP_I.doc,0.8697,,False,
20190829_00096958_ITP__I.doc,20110830_00110209_ITP_I.doc,0.8808,,False,
20210423_00130714_JDFN_APSA_20210506.docx,20210423_00130652_JDFN_APSA_20210423.docx,0.8808,,False,
19990113_00030218Clerk_Typist.doc,20030923_00030218Clerk_typist_Sep2003.doc,0.8768,,True,
20061019_00001992_Scheduling_Assistant.rtf,20050513_00001992Clerk.doc,0.8833,,True,
20100527_00000460_Ugrad_Advisor_Recruiter.docx,20180902_00000460_Ugrad_Advisor_Recruiter.docx,0.8747,,True,
20120501_00031482_Administrative_Assistant.docx,20130110_00031482_Administrative_Assistant.docx,0.8565,,True,
20140908_00000374_Technician.docx,20201029_00000374_JDFN_CUPE_20201029.docx,0.8800,,True,
20151015_00006240_Exec_Dir_SFU_Childcare_Sc.docx,20190113_00006240_Exec_Dir_SFU_Childcare_Sc.docx,0.8652,,True,
20170320_00119316_Director_Radius.docx,20160613_00119316_Director_RADIUS.docx,0.8820,,True,
20180116_00121698_Project_Manager.docx,20201028_00121698_JDFN_APSA_20190710.docx,0.8836,,True,
20180709_00006725_Technician.docx,20190113_00006725_Technician.docx,0.8533,,True,
20190506_00031774_Technician.docx,20130628_00031774_Technician.docx,0.8530,,True,
20190816_00125568_Executive_Secretary.docx,20211010_00125568_JDFN_APSA_20211010.docx,0.8505,,True,
20200227_00109742_JDFN_APSA_20200227.docx,20180704_00109742_Director_International_Office.docx,0.8800,,True,
20201028_00123432_JDFN_APSA_20180816.docx,20220616_00123432_JDFN_APSA_20220616.docx,0.8605,,True,
20210810_00122676_JDFN_APSA_20210810.docx,"20200325_00128384,_00122676_JDFN_APSA_20200325.docx",0.8824,,True,
20220330_00112602_VPFN_APSA_20220330.docx,20170801_00112602_Gvrnmt_Cmnty_Rltns_Officer.docx,0.8786,,True,
20231106_00130317_JDFN_APSA_20231107.docx,20240220_00130317_00138316_JDFN_APSA_20260417.docx,0.8757,,True,
20020324_00001323Psychologist.doc,20061205_1323.doc,0.8518,,,
20040812_00031634Registered_nurse.doc,20061205_30633.doc,0.8688,,,
20060503_30485_ITP_IV_NIES_Gr_13.doc,20190829_00062394_ITP_IV.doc,0.8854,,,
20060701_00030478ITP_V.doc,20080109_0031223_ITP_V_UCS.doc,0.8677,,,
20061029_1459.doc,20020718_00001605Student_recruiter.doc,0.8787,,,
"20070112_Technician,_gr_9,_01818,_Faculty_of_Ed,_CET.doc",20120824_00001818_Technician.doc,0.8646,,,
20070719_31634_registered_nurse.doc,20061205_30633.doc,0.8593,,,
20070911_31842_Student_Recruiter.doc,20020718_00001605Student_recruiter.doc,0.8757,,,
"20080303_000575_Program_Mgr,_Ugrad,_Education.doc",20050207_00000575Asst_to_dir_UG_prog.doc,0.8699,,,
20090429_00031756_Academic_Advisor.doc,20061029_1867.doc,0.8598,,,
20120103_110969ITPI.doc,20060701_00099004ITP_I.doc,0.8817,,,
20120105_111020ITPII.doc,20120504_00097156_ITP_II.doc,0.8800,,,
20121003_00112390_ITP_II.doc,20120105_111020ITPII.doc,0.8627,,,
20190827_104056_IT_Practitioner.doc,20080417_00106095_ITP_I.doc,0.8664,,,
20201021_00099533_JDFN_APSA_20201021.doc,"20070628_99533_Campus_Space_Coordinator,__grade_7.doc",0.8549,,,
20230727_942^_121341_JDFN_APSA_20230804.docx,20230825_00097828_JDFN_APSA_20230828.docx,0.8700,,,
19960608_00000216Head_swim_coach.doc,19960608_00000220Head_wrestling_coach.doc,0.9108,,False,
20060701_00001252ITP_III.doc,20091211_00099045_ITP_III.doc,0.9108,,False,
20060701_00076035ITP_II.doc,20190829_00031043_ITP_II.doc,0.9005,,False,
"20070105_00099004__ITP_II_,ACS.doc",20060701_00097768ITP_II.doc,0.9209,,False,
20081015_00064878_ITP_II.doc,20060701_00030568ITP_II.doc,0.8996,,False,
20090401_00099004_ITP_III.doc,20190828_00100773_ITP_III.doc,0.8956,,False,
20110104_00109013_ITP_I.doc,20080721_00104484_ITP_I.doc,0.8997,,False,
20110616_00105892_Learning_Services_Coordinator.doc,20090522_00001663_Learning_Serv_Coor.doc,0.9176,,False,
20111213_00110776_ITP_II.doc,20060701_00096532ITP_II.doc,0.8882,,False,
20120919_00001797_ITP_I.doc,20120528_00111711_ITP_I.doc,0.8922,,False,
20130103_00001226_ITP_III.doc,20060701_00000694ITP_III.doc,0.9043,,False,
20160502_00119055_Library_Assistant.docx,20140528_00000833_Library_Assistant.docx,0.8972,,False,
20190317_00125876_Coord_Client_Services.docx,20130923_00114241_Client_Service_Coodinator.docx,0.9071,,False,
20190826_00111227_ITP_II.doc,20081027_00001418_ITP_II.doc,0.8891,,False,
20190828_00098988_ITP_III.doc,20060701_00099565ITP_III.doc,0.8948,,False,
20190829_00096532_ITP_III.doc,20060701_00030516ITP_III.doc,0.9104,,False,
19881101_00006642Intermediate_analyst.doc,20070717_00006642_AP_Intermediate_analyst.doc,0.8889,,True,
"20070124_00097834,Secretary,_gr7,_Education.doc",20111115_00097834_Secretary.doc,0.8992,,True,
20090522_00001663_Learning_Serv_Coor.doc,20110616_00001663_Learning_Services_Coordinator.doc,0.9176,,True,
20111219_00110740_Coord_Mrktng_Cmns.docx,20150821_00110740_Coord_Mrkting_Cmmnctns.docx,0.8973,,True,
20130710_00113197_Financial_Analyst.docx,20140129_00113197_Assocaite_Director_Student_Financials.docx,0.9059,,True,
20150910_00108953_Communications_Officer.docx,20141209_00108953_Communications_Officer.docx,0.9064,,True,
20160826_00001072_Director_Grad_Admissions.docx,20091215_00001072_Director_Grad_Admissions.doc,0.9136,,True,
20171101_00111315_Secretary.docx,20120304_00111315_Secretary.docx,0.9213,,True,
20180620_00122743_Technology_Coordinator.docx,20171127_00122743_Technology_Coordinator.docx,0.9119,,True,
20190306_00123506_Coord_Financial_Admin.docx,20180406_00123506_Coord_Financial_Admin.docx,0.9025,,True,
20190814_00123563_Research_Grants_Officer.docx,20221001_00123563^00138590_APSA_JDFN_20260625.docx,0.9026,,True,
20191212_00123017_JDFN_APSA_20191121.docx,20180213_00123017_Research_Grants_Navigator_SPOR.docx,0.9244,,True,
"20200602_00124158,_00137283_JDFN_APSA_20250722.docx",20200601_00124158_JDFN_APSA_20211118.docx,0.9034,,True,
20210201_00121982_JDFN_APSA_20210201.docx,20200727_00121982_JDFN_APSA_20200817.docx,0.9070,,True,
20220219_00111179_JDFN_APSA_20220219.docx,20190127_00111179_Communications_Officer.docx,0.9020,,True,
20230505_00134209_00135792_JDFN_APSA_20240604.docx,20230503_00134209_JDFN_APSA_20230502.docx,0.8944,,True,
20000601_00031203Mgr_sci_enviro_coop_educ.doc,"20090415_31203Mgr_sci_enviro_coop_educ_revised_April_15,_09.doc",0.8993,,,
20060503_30181_ITP_III_Gr_12.doc,20081105_00098988_ITP_III.doc,0.9140,,,
20060503_6923_ITP_II_NIES_Gr_11.doc,20060701_00030433ITP_II.doc,0.9040,,,
20060701_00001354ITP_III.doc,20090619_006923_ITP_III.doc,0.9191,,,
20061205_1148_registered_nurse.doc,20061205_31634.doc,0.9032,,,
20070719_1368_clinical_counsellor.doc,20090525_00001368_Counsellor.doc,0.8964,,,
20071119_103194_FINAL.doc,20071120_00103194_Secretary.doc,0.9045,,,
20080520_104056_IT_Practitioner.doc,20080417_00109731_IT_Practitioner.doc,0.9062,,,
20081119_00001200_Senior_Financial_Analyst.doc,20070913_102896_Senior_Financial_Analyst.doc,0.9185,,,
20100729_00108080_ITP_III.doc,20120103_101503ITPIII.doc,0.9167,,,
20110907_103133_JD.doc,20081202_00064748_Sales_Rep_2Dec08.doc,0.8960,,,
20120103_110970ITPI.doc,20121005_00112471_ITP_I.doc,0.9071,,,
20120423_00111463_ITP_I.doc,"20071012_ITP_I,_gr_10,_ACS,_103010.doc",0.8934,,,
20170801_00000339_Clerk_Typist.docx,"20240219_339,_122027,_125733_JDFN_CUPE_20240304.docx",0.9110,,,
20190827_104056_IT_Practitioner.doc,20190826_00109731_IT_Practitioner.doc,0.9057,,,
20190829_00076020_ITP_III.doc,20060503_30516_ITP_III_Gr_12.doc,0.9116,,,
19920428_00001201Clerk.doc,20060124_00099505Clerk.doc,0.9392,,False,
20060503_00001226ITP_II.doc,20060701_00001211ITP_II.doc,0.9310,,False,
20060701_00076020ITP_II.doc,20060701_00001448ITP_II.doc,0.9292,,False,
20081015_00030312_ITP_III.doc,20110315_00099698_ITP_III.doc,0.9297,,False,
20090801_00096532_ITP_III.doc,20060701_00062394ITP_III.doc,0.9270,,False,
20110309_00109585_ITP_I.doc,20120509_00111600_ITP_I.docx,0.9389,,False,
20110920_00110388_ITP_I.doc,20120712_00111940_ITP_I.doc,0.9466,,False,
20121005_00112472_ITP_I.doc,20120418_00111445_ITP_I.doc,0.9286,,False,
20141202_00116327_ITP_I.docx,20141202_00116330_ITP_I.docx,0.9623,,False,
20160318_00000970_Technician.docx,20170314_00100318_Technician.docx,0.9537,,False,
20180513_00123864_Bus_Systms_Anlyst.doc,20200928_00125637_JDFN_APSA_20190816.docx,0.9309,,False,
20190506_00126035_Service_Desk_Analyst.docx,20190814_00123583_Service_Desk_Analyst.docx,0.9336,,False,
20190815_00124830_Snr_Assoc_Dir_Major_Gifts_Athletics.docx,20210721_00098935_JDFN_APSA_20210816.docx,0.9308,,False,
20190828_00098935_Senior_Associate_Dir_Major_Gifts.docx,20180902_00124614_Senior_Associate_Dir_Major_Gifts.docx,0.9493,,False,
20200319_00127947_JDFN_APSA_20200319.docx,20230802_00130730_00134662_JDFN_APSA_20230801_(2).docx,0.9277,,False,
20210211_00000544_JDFN_APSA_20200101.docx,20200102_00097311_JDFN_APSA_20230202.docx,0.9276,,False,
19920428_00001201Clerk.doc,20090112_00001201_Clerk.doc,0.9252,,True,
20060701_00097311ITP_I.doc,20190828_00097311ITP_I.doc,0.9540,,True,
20090108_00030486_Clerk_CU_08Jan09.doc,20041206_00030486Clerk_Typist_.doc,0.9461,,True,
20101018_00102889Program_Manager.docx,20090916_00102889_Program_Manager.doc,0.9595,,True,
20120912_00001482_Library_Assistant.doc,20170817_00001482_Library_Assistant.doc,0.9509,,True,
20140507_00106664_Secretary.docx,20141215_00106664_Secretary.docx,0.9490,,True,
20160504_00104736_Manager_Student_Central.docx,20160815_00104736_Manager_Student_Central.docx,0.9594,,True,
20170603_00030568_Manager_Client_Services.docx,20160603_00030568_Manager_Client_Services.docx,0.9374,,True,
20180129_00123174_Coord_Curr_Experiential_Learning.docx,20190201_00123174_Coord_Curr_Experiential_Learning.docx,0.9556,,True,
20181015_00124830_Senior_Associate_Dir_Major_Gifts_Athletics.docx,20210509_00124830_JDFN_APSA_20210509.docx,0.9451,,True,
20190227_00124089_Executive_Secretary.docx,20200203_00124089_JDFN_APSA_20200203.docx,0.9562,,True,
20190808_00125499_Snr_Dir_Fclty_Ops_Planning.docx,20190113_00125499_Snr_Dir_Fclty_Ops_Planning.docx,0.9602,,True,
20190828_00001246ITP_I.doc,20060701_00001246ITP_I.doc,0.9567,,True,
20200124_00064827_JDFN_APSA_20200124.docx,20200929_00064827_JDFN_APSA_20200929.docx,0.9602,,True,
20201001_00100418_JDFN_APSA_20201211.docx,20230412_00100418_JDFN_APSA_20230419.docx,0.9514,,True,
20210815_00120950_JDFN_CUPE_20210604.docx,20170317_00120950_Technician.docx,0.9567,,True,
19920428_00001201Clerk.doc,20060124_1201Clerk.doc,0.9392,,,
20020718_00001459Student_recruiter.doc,20070911_1605_Student_Recruiter.doc,0.9600,,,
20040812_00001148Professional_occupations.doc,20061205_31634_registered_nurse.doc,0.9493,,,
20051219_00001085Student_recruiter.doc,20070911_1605_Student_Recruiter.doc,0.9600,,,
20060503_30516_ITP_III_Gr_12.doc,20120103_101503ITPIII.doc,0.9270,,,
20060718_00001043Technician.doc,"20030317_1043,76029,76037_Technician,_Gr_7_SFU_Document_Solutions.doc",0.9383,,,
20061029_126.doc,19990901_00000126Assoc_dir_recruitment_srv.doc,0.9522,,,
20061205_30968.doc,20031118_00030968Medical_office_assistant.doc,0.9409,,,
"20070719_30968_MOA,_Gr7.doc",20061205_342.doc,0.9365,,,
"20070719_810_MOA,_Gr7.doc",20061205_30968.doc,0.9406,,,
20080220_99176_ITP_III.doc,20090605_00001390_ITP_III.doc,0.9561,,,
20090323_00030227_Secretary_23Mar09_REV.doc,20080505_30227_Secretary_gr7.doc,0.9481,,,
20101115_107242_Mgr_Back_on_Track_Prgm.docx,20110531_00105640_Mgr_Back_on_Track_Prgm.docx,0.9329,,,
20120103_110969ITPI.doc,20120111_0111060_ITP_I.doc,0.9324,,,
20120509_00111601_ITP_I.docx,20120103_110970ITPI.doc,0.9401,,,
"20211018_102160,102845,117006,31842,98036,117893_JDFN_APSA_20220304.docx","20211018_102160,102845,31842,98036,114029,116315_JDFN_APSA.docx",0.9546,,,
19920824_00001251Computer_operator.doc,19920824_00001262Computer_operator.doc,1.0000,,False,
20040329_00001121Human_resources_asst.doc,20090225_00006705_Human_resources_asst.doc,0.9833,,False,
20070314_00001835_AP_Undergrad_Adv_14Mar07_Edited.doc,20070314_00101792_AP_Undergrad_Advisor_22Mar07_New.doc,0.9823,,False,
20111209_00110739_Program_Assistant.docx,20140321_00031955_Program_Assistant.docx,0.9768,,False,
20131023_00114241_Client_Services_Coodinator.docx,20150217_00116762_Client_Service_Coordinator.docx,0.9821,,False,
20161123_00120204_Technician.docx,20200710_00124335_JDFN_CUPE_20200715.docx,0.9657,,False,
20171204_00122822_Coop_Education_Coordinator.docx,20191120_00127620_JDFN_APSA_20191119.docx,0.9750,,False,
20180723_00124008_Business_Analyst.docx,20171123_00105403_Business_Analyst.docx,0.9852,,False,
20181125_00112923_Program_Assistant.docx,20181125_00007090_Program_Assistant.docx,1.0000,,False,
20190715_00098396_JDFN_APSA_20191108.docx,20190715_00109196_JDFN_APSA_20191108.docx,1.0000,,False,
20190802_00116315_Student_Recruitment_Coordinator.docx,20190606_00102845_Student_Recruitment_Coordinator.docx,1.0000,,False,
20190815_00124298_Project_Manager_I.docx,20190815_00124300_Project_Manager_I.docx,1.0000,,False,
20191010_00127417_Communications_Associate.docx,20180118_00118862_Communications_Associate.docx,0.9785,,False,
20200513_00123268_JDFN_APSA_20200515.docx,20190816_00125359_Coordinator_Graduate_Programs.docx,1.0000,,False,
"20201109_00128191,_00129818_JDFN_APSA_20201109.docx","20201109_00124799,_00124800,_00124801_JDFN_APSA_20201109.docx",1.0000,,False,
20211029_00131699_JDFN_APSA_20211029.docx,20210811_00122676_JDFN_APSA_20210810.docx,1.0000,,False,
19960608_00000216Head_swim_coach.doc,20070329_00000216Head_swim_coach.doc,0.9807,,True,
20100219_00001058Senior_buyer.docx,20011105_00001058Senior_buyer.doc,0.9850,,True,
20130823_00030536_Undergraduate_Program_Assistant.docx,20130823_00030536_Secretary.docx,1.0000,,True,
20160322_00118742_Director_University_Projects.docx,20160404_00118742_Director_University_Projects.docx,0.9771,,True,
20170817_00001482_Library_Assistant.doc,20021009_00001482Library_assistant.doc,0.9936,,True,
20180426_00000964_Technician.docx,20191121_00000964_00136217_JDFN_CUPE_20240909.docx,1.0000,,True,
20181105_00124341_Secretary.docx,20190603_00124341_Secretary.docx,1.0000,,True,
20190331_00125869_Program_Assistant.docx,20191204_00127681_00125869_JDFN_CUPE_20191204.docx,1.0000,,True,
20190725_00110719_JDFN_CUPE_20190830.docx,20201117_00110719_JDFN_CUPE_20201117.docx,1.0000,,True,
20190814_00122947_Desktop_Support_Analyst.docx,20200626_00122947_JDFN_APSA_20200626.docx,1.0000,,True,
20190819_00125908_JDFN_APSA_20190819.docx,20191122_00125908_00127635_00127636_JDFN_APSA_20191122.docx,1.0000,,True,
20190829_20191002_00125975_AV_Media_Ops_Manager.docx,20190822_00125975_AV_Media_Ops_Manager.docx,1.0000,,True,
20200414_00001451_JDFN_CUPE_20200428.docx,20181111_00001451_Course_Production_Technician.docx,1.0000,,True,
20201028_00080013_JDFN_CUPE_20201028.docx,20121004_00080013_Technician.docx,1.0000,,True,
20210508_00115569^00133976_JDFN_APSA_20230130.docx,20210507_00115569_JDFN_APSA_20210507.docx,1.0000,,True,
20220518_00122227_JDFN_APEX_20220518.docx,20211018_00122227_JDFN_APEX_20211025.docx,0.9803,,True,
19960201_00030768Senate_ast_electoral_off.doc,20061029_30768.doc,0.9637,,,
20040116_00001783Clerk.doc,20061029_1784.doc,0.9823,,,
20050927_00031938Clerk.doc,20061205_31938.doc,0.9729,,,
"20060925_30136,30303,31023,01714,01794,100977.doc",20040107_00031023Clerk.doc,0.9807,,,
20061029_1097.doc,20061029_01108.doc,1.0000,,,
20061029_31842.doc,20070911_31842_Student_Recruiter.doc,0.9913,,,
20061205_31634_registered_nurse.doc,20061205_1148_registered_nurse.doc,1.0000,,,
"20070606_Secretary,_Gr._6,_French,_pos_0436.doc","20070606_Secretary,_Gr._6,_French,_0436.doc",1.0000,,,
20070911_102845_Student_Recruiter.doc,20070718_00001605__Student_Recruiter_Recruitment.doc,0.9891,,,
20070911_31842_Student_Recruiter.doc,20020718_109982_Student_Recruiter.doc,0.9872,,,
20090323_00030227_Secretary_23Mar09.doc,20080505_30227_Secretary_gr7.doc,1.0000,,,
"20120606_Clerk_Typist,_grade_6,_Pos.__111777,_Temp.doc","20120606_Clerk_Typist_gr_6,_MECS,_Pos.__111777__(Temp).doc",1.0000,,,
20171123_000122747_Senior_Technology_Manager.docx,20170919_00064538_Senior_Technology_Mgr.docx,0.9914,,,
20190819_126958_JDFN_CUPE_20190819.docx,20190823_126957_JDFN_CUPE_20190819.docx,1.0000,,,
20201207_00000044_JDFN_APSA_20201222.docx,"20220427_0044,_130086,_132624_JDFN_APSA_20220427.docx",1.0000,,,
"20220530_00129884,_00132845_JDFN_APSA_20220530.docx",20220917_129884_132845_133456_135548_JDFN_APSA_20240410.docx,1.0000,,,
