filename_a,filename_b,score,vector_score,skill_overlap,seniority,family_a,family_b,same_function,restricted,human_label
20130404_00113271_Coordinator_Group_Sales_and_Services.doc,20140328_00115104_Coord_Group_Sales.docx,0.0700,0.0000,0.0000,0.7000,unmapped,unmapped,False,True,
20070703_00031911_CU_Receptionist_3Jul07.doc,20000316_00031911Clerk_Typist.doc,0.0700,0.0000,0.0000,0.7000,unmapped,unmapped,True,False,
20080101_00064625_Prog_Dir_Jan08.doc,20000601_00064625Program_director.doc,0.0700,0.0000,0.0000,0.7000,unmapped,unmapped,True,False,
20100607_00000559_Program_Director.docx,20100607_00099077_Program_Director.doc,0.0700,0.0000,0.0000,0.7000,director,director,True,False,
20120814_00096592_Technician.doc,"20120814_336,_Technician,_Gr._7.doc",0.0700,0.0000,0.0000,0.7000,unmapped,unmapped,True,False,
20120814_00096592_Technician.doc,"20120814_336,_Technician,_Gr._7.docx",0.0700,0.0000,0.0000,0.7000,unmapped,unmapped,True,False,
20120814_00096592_Technician.doc,20120814_336_Technician_Gr._7_CU_14Aug12.docx,0.0700,0.0000,0.0000,0.7000,unmapped,unmapped,True,False,
"20120814_336,_Technician,_Gr._7.doc",20120814_336_Technician_Gr._7_CU_14Aug12.docx,0.0700,0.0000,0.0000,0.7000,unmapped,unmapped,True,False,
"20120814_336,_Technician,_Gr._7.docx","20120814_336,_Technician,_Gr._7.doc",0.0700,0.0000,0.0000,0.7000,unmapped,unmapped,True,False,
"20120814_336,_Technician,_Gr._7.docx",20120814_336_Technician_Gr._7_CU_14Aug12.docx,0.0700,0.0000,0.0000,0.7000,unmapped,unmapped,True,False,
"20121004_336,_Technician,_Gr._7.doc.doc",20120814_00096592_Technician.doc,0.0700,0.0000,0.0000,0.7000,unmapped,unmapped,True,False,
"20121004_336,_Technician,_Gr._7.doc.doc","20120814_336,_Technician,_Gr._7.doc",0.0700,0.0000,0.0000,0.7000,unmapped,unmapped,True,False,
"20121004_336,_Technician,_Gr._7.doc.doc","20120814_336,_Technician,_Gr._7.docx",0.0700,0.0000,0.0000,0.7000,unmapped,unmapped,True,False,
"20121004_336,_Technician,_Gr._7.doc.doc",20120814_336_Technician_Gr._7_CU_14Aug12.docx,0.0700,0.0000,0.0000,0.7000,unmapped,unmapped,True,False,
20140212_00114898_Human_Resources_Assistant.docx,20161003_00114898_Human_Resources_Assistant.docx,0.0700,0.0000,0.0000,0.7000,unmapped,unmapped,True,False,
20170516_APSA_20200923.docx,20190829_APSA_20200923.docx,0.0700,0.0000,0.0000,0.7000,unmapped,unmapped,True,False,
20170731_00096527_JDFN.doc,20180430_00096527_JDFN.doc,0.0700,0.0000,0.0000,0.7000,unmapped,unmapped,True,False,
20170905_00121953_JDFN.docx,20181202_00121953_AssocDir_Ops_QltyAsrnc_StgcPln.docx,0.0700,0.0000,0.0000,0.7000,manager,manager,True,False,
20171004_00120291_Exec_Dir_Exec_Educ_Prgms.docx,20191217_00120291_JDFN_APSA_20191217.docx,0.0700,0.0000,0.0000,0.7000,unmapped,unmapped,True,True,
20190828_00001127_Director_Pensions_Benefits.doc,20110624_00001127_Director_Pensions_Benefits.doc,0.0700,0.0000,0.0000,0.7000,unmapped,unmapped,True,True,
19791026_00000509Departmental_assistant.doc,20211116_00131620_JDFN_APSA_20211028.docx,0.3992,0.7315,0.0000,0.7000,unmapped,unmapped,True,False,
19980401_00031783Clerk.doc,20050210_00097722Manager_production_Feb2005.doc,0.3987,0.7304,0.0000,0.7000,manager,manager,True,False,
20020124_00000993Coord_course_production.doc,20160309_00064238_Clerk.docx,0.3991,0.7314,0.0000,0.7000,unmapped,unmapped,True,False,
20061029_604_Learning_Specialist.doc,20170707_00001132_Pension_and_Benefits_Spclst.docx,0.3899,0.7108,0.0000,0.7000,unmapped,unmapped,True,True,
20070403_00101853_Learn_Spec__Ctr_for_Students_with_Dis.doc,20250514_00099146_00125038_00128197_JDFN_CUPE_20250520.docx,0.3987,0.7304,0.0000,0.7000,unmapped,unmapped,True,False,
"20071101_00031634,_Mgr,_Clinical_Health_Serv,_gr10,HCS.doc",20191112_00127581_JDFN_APSA_20191112.docx,0.3980,0.7290,0.0000,0.7000,manager,manager,True,False,
20100930_00108052_Communications_Officer.docx,20201103_00001169_JDFN_CUPE_20201103.docx,0.3758,0.6796,0.0000,0.7000,unmapped,chief,True,False,
20120327_00111309_Learning_Tech_Specialist.docx,20250314_00125421_00136880_JDFN_CUPE_20250320.docx,0.3883,0.7073,0.0000,0.7000,unmapped,unmapped,True,False,
20140326_00115087_HR_Prof_III.docx,20190918_20190918_00121002_Immigration_Consultant.docx,0.3908,0.7128,0.0000,0.7000,unmapped,manager,True,False,
20160810_00119596_Learning_Technology_Specialist.docx,20210401_00000459_JDFN_CUPE_20210330.docx,0.3989,0.7309,0.0000,0.7000,unmapped,unmapped,True,False,
20170508_00030230_Director.docx,19950330_00006898Program_director.doc,0.3878,0.6922,0.0140,0.7000,director,director,True,False,
20170803_00117245_Energy_Specialist.docx,20201015_00111310_JDFN_APSA_20201015.docx,0.3852,0.7005,0.0000,0.7000,unmapped,unmapped,True,False,
20180312_00121613_Learning_Specialist.doc,20200901_00001132_JDFN_APEX_20200901.docx,0.3887,0.7082,0.0000,0.7000,unmapped,unmapped,True,True,
20180528_00123772_Awards_Specialist.docx,20180614_00119876_Dig_Media_and_Sports_Info_Spclst.docx,0.3866,0.7035,0.0000,0.7000,unmapped,unmapped,True,False,
20180720_00111310_Learning_Tech_Specialist.docx,20250303_00125421_00136880_JDFN_CUPE_20250320.docx,0.3883,0.7073,0.0000,0.7000,unmapped,unmapped,True,False,
20190707_00126620_Energy_Specialist.docx,20180917_00118871_Course_Eval_Systems_Specialist.docx,0.3829,0.6953,0.0000,0.7000,unmapped,unmapped,True,False,
20190814_00123400_Coord_Crime_Prevention_Personal_Safety.docx,20170727_00121954_Residence_Life_Coordinator.docx,0.3961,0.7248,0.0000,0.7000,unmapped,unmapped,True,False,
20190925_20191004_00124087_Contracts_Officer_Rl_Estt_Srvcs.docx,19970624_00031896Mjor_purch_contract_ofcr.doc,0.3924,0.7164,0.0000,0.7000,unmapped,unmapped,True,False,
20200305_00128257_JDFN_APEX_20200304.docx,20171005_00120950_Technician.docx,0.3846,0.7080,0.0134,0.6000,unmapped,unmapped,True,False,
20210815_00120950_JDFN_CUPE_20210604.docx,20191127_00122227_JDFN_APEX_20191127.docx,0.3830,0.7120,0.0057,0.6000,unmapped,unmapped,True,True,
20211126_00131683_JDFN_APSA_20211126.docx,20041130_00097295Systems_consultantIII.doc,0.3901,0.7113,0.0000,0.7000,manager,unmapped,True,False,
20230829_20130802_00096620_Technician_(1).docx,20190827_00101952_ITP_III.docx,0.3929,0.7381,0.0295,0.4750,unmapped,unmapped,True,False,
19991001_00000747Systems_consultantI.doc,19961018_00006864Systems_consultantI.doc,0.5497,0.9994,0.0000,1.0000,unmapped,unmapped,False,False,
20040317_00000147Technician.doc,"20070207_147,_Technician,Gr_10.Chemistry.doc",0.5064,0.9697,0.0000,0.7000,unmapped,unmapped,False,False,
20060701_00001253ITP_V.doc,"20080109_00001253_ITP_V,_gr15_Dir,_Network_Services.doc",0.5200,0.9999,0.0000,0.7000,director,unmapped,False,False,
20060701_00001253ITP_V.doc,20080421_103869_ITP_V.doc,0.5200,0.9999,0.0000,0.7000,director,unmapped,False,False,
20060701_00030478ITP_V.doc,"20080109_00001253_ITP_V,_gr15_Dir,_Network_Services.doc",0.5200,0.9999,0.0000,0.7000,director,unmapped,False,False,
20060701_00030478ITP_V.doc,20080421_103869_ITP_V.doc,0.5200,0.9999,0.0000,0.7000,director,unmapped,False,False,
20060701_00031223ITP_V.doc,20080109_0098283_ITP_V_ESPMO.doc,0.5200,0.9999,0.0000,0.7000,director,unmapped,False,False,
20060701_00099176ITP_IV.doc,20060701_00030485ITP_IV.doc,0.5200,1.0000,0.0000,0.7000,manager,unmapped,False,False,
20060701_00099176ITP_IV.doc,20090401_00030312_ITP_IV.doc,0.5200,1.0000,0.0000,0.7000,manager,unmapped,False,False,
20060718_00001043Technician.doc,"20110319_20060607_76037_Technician,_Gr_7_SFU_Doc_Solutions.doc",0.5200,1.0000,0.0000,0.7000,manager,manager,False,False,
"20080109_00103408_ITP_V,_Director_IT_Infrastructure.doc",20060701_00098283ITP_V.doc,0.5200,0.9999,0.0000,0.7000,unmapped,director,False,False,
20080109_0031223_ITP_V_UCS.doc,20060701_00098283ITP_V.doc,0.5200,0.9999,0.0000,0.7000,unmapped,director,False,False,
20080418_00031279_Info_Tech_Professional_IV.doc,20060701_00006596ITP_IV.doc,0.5200,1.0000,0.0000,0.7000,unmapped,manager,False,False,
20080902_00001220_ITP_IV.doc,20190829_00001842ITP_IV.doc,0.5200,1.0000,0.0000,0.7000,unmapped,manager,False,False,
20110331_00000947_Dir_Major_Gifts.docx,20160407_00109714_Snr_Assoc_Dir_Major_Gifts.docx,0.5200,1.0000,0.0000,0.7000,director,manager,False,False,
20120301_00001077_Assoc_Director.docx,20080411_00001077_Manager_Admissions_Processing.docx,0.5200,1.0000,0.0000,0.7000,manager,manager,False,False,
20121026_00000898_Senior_Financial_Analyst.docx,20110420_00109247_Finance_Professional_IV.docx,0.5200,1.0000,0.0000,0.7000,unmapped,unmapped,False,False,
20130103_00099045_ITP_IV.doc,20060701_00001842ITP_IV.doc,0.5200,1.0000,0.0000,0.7000,unmapped,manager,False,False,
20140401_00114577_Communications_Coordinator.docx,20140401_00114577_Communications_Coordinator.doc,0.5199,0.9998,0.0000,0.7000,unmapped,unmapped,False,True,
20150311_00116848_Director_Major_Gifts.docx,20160330_00109714_Assoc_Dir_Major_Gifts.docx,0.5179,0.9953,0.0000,0.7000,director,manager,False,False,
20160330_00109714_Assoc_Dir_Major_Gifts.docx,20120709_00098935_Director_Major_Gifts.docx,0.5200,1.0000,0.0000,0.7000,manager,director,False,False,
20160407_00116848_Snr_Assoc_Director.docx,20150311_00116848_Director_Major_Gifts.docx,0.5180,0.9956,0.0000,0.7000,manager,director,False,False,
19670501_00006855Assistant_to_assoc_dean.doc,19930215_00000595Departmental_assistant.doc,0.4637,0.8749,0.0000,0.7000,assistant,assistant,True,False,
20020324_00001323Psychologist.doc,20160601_00107972_20160601.docx,0.5045,0.9657,0.0000,0.7000,unmapped,unmapped,True,False,
20041102_00001089Clerk.doc,20041102_00001104Clerk.doc,0.5200,1.0000,0.0000,0.7000,unmapped,unmapped,True,False,
"20060607_76029_Technician,_Gr_7_SFU_Doc_Solutions.doc",20160629_00099095_Manager.docx,0.4394,0.8208,0.0000,0.7000,manager,manager,True,False,
"20070329_00097531,_Mgr,_Acad____Admin__Serv_,Explor_Prog.doc","20070605_00030102_Manager,_Acad___Admin__Serv,_Eng_Sci.doc",0.5052,0.9671,0.0000,0.7000,manager,manager,True,False,
20081127_00100418_ITP_II.doc,20100901_00108325_ITP_II.docx,0.5172,0.9938,0.0000,0.7000,unmapped,unmapped,True,False,
20101015_00001401_Dir_Admn.docx,20090929_00030941_Director_Treasury.doc,0.4844,0.9210,0.0000,0.7000,director,director,True,False,
20120105_111020ITPII.doc,20120222_00111242_ITP.doc,0.5096,0.9769,0.0000,0.7000,unmapped,unmapped,True,False,
20130313_00103649_Clerk.docx,20180822_00124406_Front_Desk_Clerk.docx,0.5768,0.8642,0.2287,0.8500,unmapped,unmapped,True,False,
20140821_00115707_Technician.docx,"20060405_00099950_Technician,_Gr._10.doc",0.4761,0.9025,0.0000,0.7000,unmapped,unmapped,True,False,
20151027_00118007_Administrator.docx,20100506_00107399_Coord_Aboriginal_Prgrms.doc,0.5002,0.9560,0.0000,0.7000,unmapped,unmapped,True,True,
20160908_00000702_Student_Affairs_Coordinator.docx,20160118_00115104_Coordinator.docx,0.4909,0.9352,0.0000,0.7000,unmapped,unmapped,True,False,
20171020_00122610_Data_Analyst.docx,20190718_00126418_Jr_Business_Analyst.docx,0.5122,0.8321,0.0840,1.0000,unmapped,unmapped,True,False,
20180920_00124672_Program_Coordinator_WIL.docx,20080709_00104291_Program_Coordinator_WIL.doc,0.4536,0.8524,0.0000,0.7000,unmapped,unmapped,True,False,
20190711_00103154_Technology_Coordinator.docx,20180620_00122743_Technology_Coordinator.docx,0.5200,1.0000,0.0000,0.7000,unmapped,unmapped,True,False,
20190822_00126004_Associate_Director.docx,20170317_00118178_Associate_Director.docx,0.4402,0.8228,0.0000,0.7000,manager,manager,True,False,
"20200101_14_-_Template_JDFN_Director,_Admin.docx",20190801_00110830_Manager_Administration.docx,0.4843,0.8615,0.0592,0.7000,director,manager,True,False,
20200924_00001090_JDFN_APSA_20200101.docx,19900518_00030516Systems_consultantII.doc,0.4202,0.7447,0.0335,0.7000,unmapped,unmapped,True,False,
20210509_00109413_JDFN_APSA_20210509.docx,20121001_00000602_Director_Advancement.docx,0.5171,0.9936,0.0000,0.7000,director,director,True,False,
"20220225_20190829_00030102_Manager,Acad_Admin_Serv,Eng_Sci.doc",20140917_00098394_Ugrad_Programs.docx,0.4938,0.9417,0.0000,0.7000,manager,manager,True,False,
20230418_20230328_00134177_JDFN_APSA_20230418.docx,20210126_00124373_JDFN_APSA_20210422.docx,0.4982,0.8820,0.0696,0.7000,unmapped,unmapped,True,False,
20241104_00108447_JDFN_APSA_20241021.docx,20230104_00133923_JDFN_APEX_20230104.docx,0.4727,0.8872,0.0076,0.7000,unmapped,unmapped,True,False,
20100415_00000066_Clerk_Typist.doc,20110202_00109129_Clerk_Typist.docx,0.7586,0.9367,0.5601,0.8500,unmapped,assistant,False,False,
20110202_00109129_Clerk_Typist.docx,20190226_00125696_Clerk_Typist.doc,0.7987,0.9773,0.6088,0.8500,assistant,unmapped,False,False,
20160620_00110550_Secretary.docx,20111025_00110550_Secretary.doc,0.7800,0.9718,0.5726,0.8500,assistant,unmapped,False,False,
19920508_00030993Secretary.doc,20060327_00030711Secretary.doc,0.6374,0.9080,0.3196,0.8500,unmapped,unmapped,True,False,
20061020_00101174Clerk.doc,20150811_00001987_Clerk.docx,0.7364,0.9689,0.4787,0.8500,unmapped,unmapped,True,False,
20071119_103194_FINAL.doc,20190718_00077032_Secretary.docx,0.7579,0.9638,0.5315,0.8500,unmapped,unmapped,True,False,
"20090514_00001501ClerkMay14,09.doc",20190919_00000035_Clerk.docx,0.7201,0.9591,0.4523,0.8500,unmapped,associate,True,False,
20100618_00030662_Secretary.doc,20160331_00030662_Secretary.docx,0.6512,0.9375,0.3206,0.8500,unmapped,unmapped,True,False,
20110927_00064911_Program_Assistant.doc,20050829_00098708Clerk_Typist_Aug2005.doc,0.6778,0.8909,0.4264,0.8500,unmapped,unmapped,True,False,
20121210_00112691_Clerk.doc,20100212_00001743_Program_Asst.doc,0.6783,0.8926,0.4036,0.9500,unmapped,unmapped,True,False,
20131022_00031133_Secretary.doc,20110126_00109083_Clerk_Typist.doc,0.7224,0.9090,0.4740,1.0000,unmapped,unmapped,True,False,
20150427_00000569_Secretary.docx,20120619_00111663_Secretary.docx,0.6980,0.9387,0.4235,0.8500,assistant,assistant,True,False,
20160405_00099920_Program_Assistant.docx,20060704_00100516_Clerk_Typist.docx,0.6306,0.8879,0.3245,0.8500,assistant,assistant,True,False,
20170602_00031128_Clerk.doc,20200401_00125904_JDFN_CUPE_20200401.docx,0.6101,0.8997,0.2671,0.8500,unmapped,unmapped,True,False,
20180501_00123616_Clerk.doc,20220112_00112593_JDFN_CUPE_20220112.doc,0.7751,0.9149,0.5852,1.0000,unmapped,unmapped,True,False,
20190301_00031257_Secretary.docx,20151130_00002511_Secretary.docx,0.6023,0.9422,0.2074,0.8500,unmapped,unmapped,True,False,
20190722_00030687_Undergraduate_Advisor.docx,20231101_00117368_JDFN_APSA_2021.docx,0.6177,0.9619,0.2553,0.7000,unmapped,unmapped,True,False,
20191006_00031557_Program_Assistant.docx,20101110_00100602_Program_Assistant.docx,0.6049,0.8795,0.3036,0.7250,assistant,assistant,True,False,
20200601_00103611_JDFN_CUPE_20200327.docx,20100211_00030152_Clerk.doc,0.6151,0.9489,0.2290,0.8500,unmapped,unmapped,True,False,
20201211_00119388_JDFN_CUPE_20201211.docx,20160822_00000210_Clerk.docx,0.6589,0.9159,0.3594,0.8500,assistant,assistant,True,False,
20210716_00118786_JDFN_APSA_20210716.docx,20200926_00118786_JDFN_APSA_20201007.docx,0.7186,0.9117,0.4631,1.0000,unmapped,unmapped,True,False,
20220211_00131584_JDFN_APSA_20220316.docx,20240221_00135434_JDFN_APSA_20240221.docx,0.7234,0.8402,0.5562,0.9500,unmapped,unmapped,True,False,
20221130_00133440_JDFN_CUPE_20220909.docx,20210608_00120007_JDFN_CUPE_20210621.docx,0.6334,0.9140,0.3046,0.8500,assistant,assistant,True,False,
20231117_00030218_JDFN_CUPE_20231120.docx,20210318_00030218_JDFN_CUPE_20210419.docx,0.7157,0.9804,0.4211,0.8500,assistant,assistant,True,False,
20250204_00130457_JDFN_APEX_20250303.docx,20210316_00130457_JDFN_APSA_20210607.docx,0.7413,0.9031,0.5832,0.7250,unmapped,unmapped,True,False,
20070124_97834___99603_FINAL.doc,20101215_00108801_Secretary.docx,0.9155,0.9949,0.8507,0.8500,unmapped,assistant,False,False,
20100922_00001827__Clerk.doc,20160309_00118833_Clerk.docx,0.8535,0.9977,0.7101,0.8500,unmapped,assistant,False,False,
20111031_00000809_Medical_Office_Assistant.docx,20120323_00111362_Medical_Office_Assistant.doc,0.8444,0.9807,0.7069,0.8500,assistant,unmapped,False,False,
20120323_00000342_Medical_Office_Assistant.doc,20111027_00000342_Med_Office_Asst.docx,0.8449,0.9816,0.7069,0.8500,unmapped,assistant,False,False,
20130107_00110788_Program_Assistant_Gr_7_-_07Jan13.docx,"20130104_00100066_Program_Assistant,_Gr._7_-_04Jan2013.doc",0.9176,0.9787,0.8716,0.8500,assistant,unmapped,False,False,
20150730_00099603_Secretary.docx,20111115_00097834_Secretary.doc,0.8597,0.9953,0.7264,0.8500,assistant,unmapped,False,False,
20160824_00001469_Clerk.docx,20070730_01106_Clerk.doc,0.8588,0.9961,0.7234,0.8500,assistant,unmapped,False,False,
20171020_00122613_Project_Manager.docx,20201028_00121698_JDFN_APSA_20190710.docx,0.9996,0.9990,1.0000,1.0000,manager,unmapped,False,False,
"20180509_00097419,_00103132,_00122978_JDFN_APSA_20180508.docx",20130227_00103132_Portfolio_Manager.docx,0.9980,0.9956,1.0000,1.0000,unmapped,manager,False,False,
20190113_00125507_HR_Strategic_Business_Partner.docx,"20201026_00128897,_00128898,_00107686_JDFN_APEX_20201113.docx",0.9627,0.9838,1.0000,0.7000,director,unmapped,False,True,
20190721_00126771_Clerk.docx,20190804_00126852_Clerk.doc,0.9096,0.9978,0.8347,0.8500,assistant,unmapped,False,False,
20190802_00118093_Assc_Dir_Info_Sec.docx,20201028_00118093_JDFN_APSA_20190321.docx,0.9555,0.9677,1.0000,0.7000,manager,unmapped,False,False,
20190814_00123683_Sr_Director_Advancement_Services.docx,20241007_00123683_JDFN_APSA_20241209.docx,0.9633,0.9936,0.9248,1.0000,director,unmapped,False,False,
20190828_00001353_Ass_Dir_Business_Solutions.docx,20210125_00001353_JDFN_APSA_20190828.docx,0.9989,0.9977,1.0000,1.0000,manager,unmapped,False,False,
20191220_00127950_JDFN_APSA_20190710.docx,20171020_00122612_Project_Manager.docx,0.9996,0.9990,1.0000,1.0000,unmapped,manager,False,False,
20200116_00125033_JDFN_APSA_20200116.docx,20200702_00126003_JDFN_APSA_20200702.docx,0.9965,0.9923,1.0000,1.0000,unmapped,manager,False,False,
20200319_00127947_JDFN_APSA_20200319.docx,20210430_00127947_JDFN_APSA_20230803.docx,0.9999,0.9998,1.0000,1.0000,unmapped,unmapped,False,False,
"20200925_00097160,_00128417_JDFN_APSA_20190828.docx",20200402_00097160_JDFN_APSA_20200402.docx,0.9891,0.9759,1.0000,1.0000,unmapped,unmapped,False,False,
"20210210_00001740,_00030524,_00097298_JDFN_APSA_20180223.docx",20190828_00097298_Senior_Business_Analyst.docx,0.9993,0.9984,1.0000,1.0000,unmapped,unmapped,False,False,
20210830_00118093_JDFN_APSA_20210830.docx,20190802_00118093_Assc_Dir_Info_Sec.docx,0.9548,0.9662,1.0000,0.7000,unmapped,manager,False,False,
20210903_00105513_JDFN_APSA_20210903.docx,20230623_00105513_JDFN_APSA_20230623.docx,0.9997,0.9992,1.0000,1.0000,director,unmapped,False,False,
20220928_00064889_00102216_00128805_JDFN_CUPE_20220928.docx,20250821_00064889^00128805_JDFN_CUPE_20250825.docx,0.9850,1.0000,1.0000,0.8500,assistant,associate,False,False,
19950118_00031142Technician.doc,20000829_00006149Technician.doc,0.8078,0.9662,0.6400,0.8500,unmapped,unmapped,True,False,
20091203_00102307_Secretary.doc,20140522_00000461_Secretary.docx,0.8711,0.9797,0.7671,0.8500,unmapped,unmapped,True,False,
20120309_00001027_Clerk.doc,20111128_00001027_Clerk_Grade_7.doc,0.8902,0.9676,0.7885,1.0000,unmapped,unmapped,True,False,
20130515_00113325_Technician.doc,20130515_00113324_Technician.doc,1.0000,1.0000,1.0000,1.0000,unmapped,unmapped,True,False,
20150625_00001827_Clerk.docx,20160309_00118833_Clerk.docx,0.9626,1.0000,0.9503,0.8500,assistant,assistant,True,False,
20160916_00119923_Clerk_Typist.docx,20180613_00123648_Secretary.docx,0.8106,0.9385,0.6741,0.8500,assistant,assistant,True,False,
20170726_00111985_Assoc_Dir_Alumni_Relations.docx,20190418_00126034_Assoc_Dir_Alumni_Engagement.docx,0.9843,0.9651,1.0000,1.0000,manager,manager,True,False,
20180412_00116299_Academic_Student_Affairs_Advisor.docx,20180412_00031469_Academic_Student_Affairs_Advisor.docx,1.0000,1.0000,1.0000,1.0000,director,director,True,False,
20181014_00064933_Technician.docx,20190506_00124402_Technician.docx,0.8553,0.9958,0.7493,0.7000,unmapped,unmapped,True,False,
20190506_00124401_Technician.docx,20180822_00124402_AV_Technician_III.docx,0.8553,0.9958,0.7493,0.7000,unmapped,unmapped,True,False,
20190801_00110391_Director_Projects.docx,20190816_00125498_Director_Projects.docx,0.9999,0.9998,1.0000,1.0000,director,director,True,False,
20190816_00125365_Program_Mgr_Insurance_Risk.docx,20190127_00125365_Program_Mgr_Insurance_Risk.docx,1.0000,1.0000,1.0000,1.0000,manager,manager,True,False,
20191120_00000964_JDFN_CUPE_20191120.docx,20180426_00000964_Technician.docx,0.9850,1.0000,1.0000,0.8500,unmapped,unmapped,True,False,
20200401_00125902_JDFN_CUPE_20200401.docx,20190416_00125903_Clerk.docx,0.9850,1.0000,1.0000,0.8500,unmapped,unmapped,True,False,
20200602_7041_98825_704^_JDFN_APSA_20240605.docx,"20200602_00124158,_00137283_JDFN_APSA_20250722.docx",0.9955,0.9901,1.0000,1.0000,unmapped,unmapped,True,False,
20201029_00000374_JDFN_CUPE_20201029.docx,20170201_00000374_Technician.docx,0.9822,0.9937,1.0000,0.8500,unmapped,unmapped,True,False,
20210210_00112472_JDFN_APSA_20190926.docx,20210126_00130249_JDFN_APSA_20210126.docx,0.9991,0.9980,1.0000,1.0000,unmapped,unmapped,True,False,
20210520_00129818_JDFN_APSA_20210520.docx,20210520_00130819_JDFN_APSA_20210520.docx,1.0000,1.0000,1.0000,1.0000,manager,manager,True,False,
20211008_00131455_JDFN_APSA_20210923.docx,20210219_00130259_JDFN_APSA_20210122.docx,0.8056,0.9553,0.6127,1.0000,unmapped,unmapped,True,False,
20220614_00099566_JDFN_APSA_20220614.docx,20220614_129827_97250_99566_110658_130200_132149_JDFN_APSA_20220614.docx,1.0000,1.0000,1.0000,1.0000,unmapped,unmapped,True,False,
"20230401_509,_475,_474,_449,_98825^__JDFN_APSA_20250502.docx","20200601_00031501,_00031956,_00108158_JDFN_APSA_20211117.docx",0.9980,0.9956,1.0000,1.0000,unmapped,unmapped,True,False,
20240925_00000180_00031158_JDFN_CUPE_20240920.docx,20240920_00061941_JDFN_CUPE_20240920.docx,0.9850,0.9999,1.0000,0.8500,assistant,assistant,True,False,
